#VERSION,1,2026/6/1 20:28,4,,,,,,,,,,,,,,,,,,,,,,,,,,,,,,,,,,,
~索引,测点名称,描述,设计编号,数据类型,读写属性,驱动类型,测点地址,单位,测点类型,工程上限,工程下限,优先级,安全区,报警区,历史存储,报警类型,高高,高,低,低低,历史缓存,OPC输出,语音报警,采集周期,历史库名称,自定义标题,自定义标题,自定义标题,自定义标题,自定义标题,自定义标题,自定义标题,自定义标题,自定义标题,自定义标题,签名,许可,报警确认时是否需要签名
1,HW.TASK.SOFN,,,LONG,,,HW.TASK.SOFN,,,,,0,S002,,Y,,,,,,N,N,,1000,ALL,,,,,,,,,,,0,0,0
2,HW.TEMP.DPUA,,,FLOAT,,,HW.TEMP.DPUA,,,,,0,S002,,Y,,0,0,0,0,N,N,,1000,ALL,,,,,,,,,,,0,0,0
3,HW.TEMP.DPUB,,,FLOAT,,,HW.TEMP.DPUB,,,,,0,S002,,Y,,0,0,0,0,N,N,,1000,ALL,,,,,,,,,,,0,0,0
4,HW.AI010305.PV,除氧器压力3,30LAA10CP103,FLOAT,,,HW.AI010305.PV,,,1.6,0,0,S002,A006,Y,,20000,1.25,0.147,-20000,N,Y,,1000,ALL,,,,,,,,,,,0,0,0
5,HW.AI010306.PV,除氧器水箱水位3,30LAA10CL103,FLOAT,,,HW.AI010306.PV,,,1750,-1750,0,S002,A006,Y,,20000,100,-150,-20000,N,Y,,1000,ALL,,,,,,,,,,,0,0,0
6,HW.AI010307.PV,3A汽泵前置泵出口流量3,30LAB20CF101C,FLOAT,,,HW.AI010307.PV,,,100,0,0,S002,A006,Y,,20000,100,0,-20000,N,Y,,1000,ALL,,,,,,,,,,,0,0,0
7,HW.AI010401.PV,凝汽器A热井水位3（取消）,30MAG10CL103,FLOAT,,,HW.AI010401.PV,,,1410,10,0,S002,,Y,,20000,1100,560,-20000,N,Y,,1000,ALL,,,,,,,,,,,0,0,0
8,HW.AI010402.PV,凝汽器补水气动副调整门位置反馈,30LCR30AA101A9,FLOAT,,,HW.AI010402.PV,,,100,0,0,S002,A006,Y,,20000,100,-5,-20000,N,Y,,1000,ALL,,,,,,,,,,,0,0,0
9,HW.AI010403.PV,凝结水泵出口母管流量1,30LCA20CF101A,FLOAT,,,HW.AI010403.PV,,,80,0,0,S002,A006,Y,,20000,80,0,-20000,N,Y,,1000,ALL,,,,,,,,,,,0,0,0
10,HW.AI010404.PV,凝水至凝贮箱溢流气动调门位置反馈,30LCA31AA1019,FLOAT,,,HW.AI010404.PV,,,100,0,0,S002,A006,Y,,20000,100,-5,-20000,N,Y,,1000,ALL,,,,,,,,,,,0,0,0
11,HW.AI010406.PV,除氧器进口凝结水流量1,30LCA90CF101A,FLOAT,,,HW.AI010406.PV,,,60,0,0,S002,A006,Y,,20000,60,0,-20000,N,Y,,1000,ALL,,,,,,,,,,,0,0,0
12,HW.AI010407.PV,凝结水到储水箱溢水流量,30LCA31CF101A,FLOAT,,,HW.AI010407.PV,,,60,0,0,S002,A006,Y,,20000,250,-5,-20000,N,Y,,1000,ALL,,,,,,,,,,,0,0,0
13,HW.AQ010501.PV,3B小机转速指令1toMEH,30BFPB0_1,FLOAT,,,HW.AQ010501.PV,,,100,0,0,S002,A006,Y,,105,102,-2,-5,N,Y,,1000,ALL,,,,,,,,,,,0,0,0
14,HW.AQ010502.PV,3B汽泵再循环小旁路气动调整门指令,30lLAB20AA102B,FLOAT,,,HW.AQ010502.PV,,,100,0,0,S002,A006,Y,,105,102,-2,-5,N,Y,,1000,ALL,,,,,,,,,,,0,0,0
15,HW.AQ010503.PV,给水流量TO CCS2,,FLOAT,,,HW.AQ010503.PV,,,2400,0,0,S002,A006,Y,,105,102,-2,-5,N,Y,,1000,ALL,,,,,,,,,,,0,0,0
16,HW.AI010601.PV,3B汽泵前置泵出口流量2,30LAB20CF102B,FLOAT,,,HW.AI010601.PV,,,100,0,0,S002,A006,Y,,20000,100,0,-20000,N,Y,,1000,ALL,,,,,,,,,,,0,0,0
17,HW.AI010602.PV,凝汽器B热井水位2,30MAG20CL102,FLOAT,,,HW.AI010602.PV,,,1400,0,0,S002,A006,Y,,20000,1000,560,-20000,N,Y,,1000,ALL,,,,,,,,,,,0,0,0
18,HW.AI010604.PV,3B汽泵出口压力,30LAB20CP103B,FLOAT,,,HW.AI010604.PV,,,40,0,0,S002,A006,Y,,20000,32,0,-20000,N,Y,,1000,ALL,,,,,,,,,,,0,0,0
19,HW.AI010605.PV,3B汽泵再循环气动调整门位置反馈,30LAB20AA101B9,FLOAT,,,HW.AI010605.PV,,,100,0,0,S002,A006,Y,,20000,100,-5,-20000,N,Y,,1000,ALL,,,,,,,,,,,0,0,0
20,HW.AI010606.PV,除氧器水位气动副调整门位置反馈,30LCA34AA1019,FLOAT,,,HW.AI010606.PV,,,100,0,0,S002,A006,Y,,20000,100,-5,-20000,N,Y,,1000,ALL,,,,,,,,,,,0,0,0
21,HW.AI010607.PV,给水流量3,30LCA70CF101C,FLOAT,,,HW.AI010607.PV,,,40,0,0,S002,A006,Y,,20000,40,0,-20000,N,Y,,1000,ALL,,,,,,,,,,,0,0,0
22,HW.DI020101.PV,#3机除氧器溢流气动调整门开状态,30LAA10AA1023,BOOL,,,HW.DI020101.PV,,,2,-1,0,S002,,Y,,,,,,N,Y,,1000,ALL,,,,,,,,,,,0,0,0
23,HW.DI020102.PV,#3机除氧器溢流气动调整门关状态,30LAA10AA1024,BOOL,,,HW.DI020102.PV,,,2,-1,0,S002,,Y,,,,,,N,Y,,1000,ALL,,,,,,,,,,,0,0,0
24,HW.DI020103.PV,#3机除氧器溢流气动调整门故障,30LAA10AA1025,BOOL,,,HW.DI020103.PV,,,2,-1,0,S002,A006,Y,,,,,,N,Y,,1000,ALL,,,,,,,,,,,0,0,0
25,HW.DI020104.PV,3A小机遥控已投入,30MEHA03MCS,BOOL,,,HW.DI020104.PV,,,2,-1,0,S002,,Y,,,,,,N,Y,,1000,ALL,,,,,,,,,,,0,0,0
26,HW.DI020106.PV,除盐水至凝结水箱补水电动调节门已,30LCR30AA1013,BOOL,,,HW.DI020106.PV,,,2,-1,0,S002,,Y,,,,,,N,Y,,1000,ALL,,,,,,,,,,,0,0,0
27,HW.DI020107.PV,除盐水至凝结水箱补水电动调节门已,30LCR30AA1014,BOOL,,,HW.DI020107.PV,,,2,-1,0,S002,,Y,,,,,,N,Y,,1000,ALL,,,,,,,,,,,0,0,0
28,HW.DI020108.PV,除盐水至凝结水箱补水电动调节门故,30LCR30AA1015,BOOL,,,HW.DI020108.PV,,,2,-1,0,S002,A006,Y,,,,,,N,Y,,1000,ALL,,,,,,,,,,,0,0,0
29,HW.AQ020201.PV,3B汽泵再循环气动调整门控制指令,30LAB20AA101B0,FLOAT,,,HW.AQ020201.PV,,,100,0,0,S002,A006,Y,,105,102,-2,-5,N,Y,,1000,ALL,,,,,,,,,,,0,0,0
30,HW.AQ020202.PV,除氧器水位气动副调整门控制指令,30LCA34AA1010,FLOAT,,,HW.AQ020202.PV,,,100,0,0,S002,A006,Y,,105,102,-2,-5,N,Y,,1000,ALL,,,,,,,,,,,0,0,0
31,HW.AQ020203.PV,#3机凝结水再循环气动调整门控制指,30LCA35AA1010,FLOAT,,,HW.AQ020203.PV,,,100,0,0,S002,A006,Y,,105,102,-2,-5,N,Y,,1000,ALL,,,,,,,,,,,0,0,0
32,HW.AQ020204.PV,除氧器溢流气动调整门控制指令,30LAA10AA1020,FLOAT,,,HW.AQ020204.PV,,,100,0,0,S002,A006,Y,,105,102,-2,-5,N,Y,,1000,ALL,,,,,,,,,,,0,0,0
33,HW.AQ020205.PV,凝汽器除盐水补水副调节阀控制指令,30HW10,FLOAT,,,HW.AQ020205.PV,,,100,0,0,S002,A006,Y,,105,102,-2,-5,N,Y,,1000,ALL,,,,,,,,,,,0,0,0
34,HW.AQ020206.PV,#3锅炉给水流量(去精处理),30LDF10DCSCFGL,FLOAT,,,HW.AQ020206.PV,,,2300,0,0,S002,A006,Y,,105,102,-2,-5,N,Y,,1000,ALL,,,,,,,,,,,0,0,0
35,HW.AQ020301.PV,#3凝结水流量(去精处理),30LDF10DCSCFNJ,FLOAT,,,HW.AQ020301.PV,,,2100,0,0,S002,A006,Y,,105,102,-2,-5,N,Y,,1000,ALL,,,,,,,,,,,0,0,0
36,HW.AQ020302.PV,小汽机A转速指令2,,FLOAT,,,HW.AQ020302.PV,,,100,0,0,S002,A006,Y,,105,102,-2,-5,N,Y,,1000,ALL,,,,,,,,,,,0,0,0
37,HW.AQ020303.PV,锅炉主给水流量/L,30LAB70CF101JCL,FLOAT,,,HW.AQ020303.PV,,,2400,0,0,S002,A006,Y,,105,102,-2,-5,N,Y,,1000,ALL,,,,,,,,,,,0,0,0
38,HW.AQ020305.PV,凝结水泵出口母管流量,30LCA20CF101-SD,FLOAT,,,HW.AQ020305.PV,,,2000,0,0,S002,A006,Y,,105,102,-2,-5,N,Y,,1000,ALL,,,,,,,,,,,0,0,0
39,HW.AI020401.PV,除氧器压力1,30LAA10CP101,FLOAT,,,HW.AI020401.PV,,,1.6,0,0,S002,A006,Y,,20000,1.25,0.147,-20000,N,Y,,1000,ALL,,,,,,,,,,,0,0,0
40,HW.AI020402.PV,除氧器水箱水位1,30LAA10CL101,FLOAT,,,HW.AI020402.PV,,,1750,-1750,0,S002,A006,Y,,20000,100,-150,-20000,N,Y,,1000,ALL,,,,,,,,,,,0,0,0
41,HW.AI020403.PV,3A汽泵前置泵出口流量1,30LAB20CF101A,FLOAT,,,HW.AI020403.PV,,,100,0,0,S002,A006,Y,,20000,100,0,-20000,N,Y,,1000,ALL,,,,,,,,,,,0,0,0
42,HW.AI020404.PV,凝汽器A热井水位1（取消）,30MAG10CL101,FLOAT,,,HW.AI020404.PV,,,1390,-10,0,S002,A006,Y,,20000,1000,560,-20000,N,Y,,1000,ALL,,,,,,,,,,,0,0,0
43,HW.AI020405.PV,3A汽泵再循环气动调整门位置反馈,30LAB20AA101A9,FLOAT,,,HW.AI020405.PV,,,100,0,0,S002,A006,Y,,20000,100,-5,-20000,N,Y,,1000,ALL,,,,,,,,,,,0,0,0
44,HW.AI020406.PV,轴封冷却器入口凝结水流量1,30LCA40CF101A,FLOAT,,,HW.AI020406.PV,,,85,0,0,S002,A006,Y,,20000,85,0,-20000,N,Y,,1000,ALL,,,,,,,,,,,0,0,0
45,HW.AI020407.PV,汽动给水泵A进口压力,30LAB20CP102A,FLOAT,,,HW.AI020407.PV,,,4,0,0,S002,A006,Y,,20000,4,1.5,-20000,N,Y,,1000,ALL,,,,,,,,,,,0,0,0
46,HW.AI020408.PV,给水控制指令硬接线来,30FEEDWATER1,FLOAT,,,HW.AI020408.PV,,,2400,0,0,S002,A006,Y,,20000,1934,597,-20000,N,Y,,1000,ALL,,,,,,,,,,,0,0,0
47,HW.AQ020502.PV,辅汽至除氧器加热气动调门控制指令,30LBG12AA1010,FLOAT,,,HW.AQ020502.PV,,,100,0,0,S002,A006,Y,,105,102,-2,-5,N,Y,,1000,ALL,,,,,,,,,,,0,0,0
48,HW.AQ020503.PV,凝结水泵变频速度指令,30LCB10AP0010,FLOAT,,,HW.AQ020503.PV,,,50,0,0,S002,A006,Y,,105,102,-2,-5,N,Y,,1000,ALL,,,,,,,,,,,0,0,0
49,HW.AQ020504.PV,除盐水至凝结水箱补水调门控制指令,X0LCR30AA1010,FLOAT,,,HW.AQ020504.PV,,,100,0,0,S002,A006,Y,,105,102,-2,-5,N,Y,,1000,ALL,,,,,,,,,,,0,0,0
50,HW.AI020601.PV,汽动给水泵B前置泵出口流量1,30LAB20CF102A,FLOAT,,,HW.AI020601.PV,,,100,0,0,S002,A006,Y,,20000,100,0,-20000,N,Y,,1000,ALL,,,,,,,,,,,0,0,0
51,HW.AI020602.PV,凝汽器B热井水位1,30MAG20CL101,FLOAT,,,HW.AI020602.PV,,,1400,0,0,S002,A006,Y,,20000,1000,560,-20000,N,Y,,1000,ALL,,,,,,,,,,,0,0,0
52,HW.AI020603.PV,汽动给水泵B进口压力,30LAB20CP102B,FLOAT,,,HW.AI020603.PV,,,4,0,0,S002,A006,Y,,20000,4,1.5,-20000,N,Y,,1000,ALL,,,,,,,,,,,0,0,0
53,HW.AI020604.PV,除氧器水位气动主调整门位置反馈,30LCA32AA1019,FLOAT,,,HW.AI020604.PV,,,100,0,0,S002,A006,Y,,20000,101,-5,-20000,N,Y,,1000,ALL,,,,,,,,,,,0,0,0
54,HW.AI020605.PV,凝结水泵出口母管流量2,30LCA20CF101B,FLOAT,,,HW.AI020605.PV,,,80,0,0,S002,A006,Y,,20000,80,0,-20000,N,Y,,1000,ALL,,,,,,,,,,,0,0,0
55,HW.AI020606.PV,除氧器进口凝结水流量2,30LCA90CF101B,FLOAT,,,HW.AI020606.PV,,,60,0,0,S002,A006,Y,,20000,60,0,-20000,N,Y,,1000,ALL,,,,,,,,,,,0,0,0
56,HW.AI020607.PV,小汽机A转速设定值,30MEHA01MCS,FLOAT,,,HW.AI020607.PV,,,6300,0,0,S002,A006,Y,,20000,6300,0,-20000,N,Y,,1000,ALL,,,,,,,,,,,0,0,0
57,HW.AI030101.PV,3B汽泵再循环小旁路气动调门反馈,30LAB20AA102B9,FLOAT,,,HW.AI030101.PV,,,100,0,0,S002,A006,Y,,20000,100,0,-20000,N,Y,,1000,ALL,,,,,,,,,,,0,0,0
58,HW.AI030102.PV,除氧器压力2,30LAA10CP102,FLOAT,,,HW.AI030102.PV,,,1.6,0,0,S002,A006,Y,,20000,1.25,0.147,-20000,N,Y,,1000,ALL,,,,,,,,,,,0,0,0
59,HW.AI030103.PV,除氧器水箱水位2,30LAA10CL102,FLOAT,,,HW.AI030103.PV,,,1750,-1750,0,S002,A006,Y,,20000,100,-150,-20000,N,Y,,1000,ALL,,,,,,,,,,,0,0,0
60,HW.AI030104.PV,3A汽泵前置泵出口流量2,30LAB20CF101B,FLOAT,,,HW.AI030104.PV,,,100,0,0,S002,A006,Y,,20000,100,0,-20000,N,Y,,1000,ALL,,,,,,,,,,,0,0,0
61,HW.AI030105.PV,凝汽器A热井水位2（取消）,30MAG10CL102,FLOAT,,,HW.AI030105.PV,,,1400,0,0,S002,A006,Y,,20000,1000,560,-20000,N,Y,,1000,ALL,,,,,,,,,,,0,0,0
62,HW.AI030106.PV,凝汽器补水气动主调整门位置反馈,30LCR30AA101B9,FLOAT,,,HW.AI030106.PV,,,100,0,0,S002,A006,Y,,100,-5,-10000,-20000,N,Y,,1000,ALL,,,,,,,,,,,0,0,0
63,HW.AI030107.PV,轴封冷却器入口凝结水流量2,30LCA40CF101B,FLOAT,,,HW.AI030107.PV,,,85,0,0,S002,A006,Y,,85,0,-10000,-20000,N,Y,,1000,ALL,,,,,,,,,,,0,0,0
64,HW.AI030108.PV,3A汽泵出口压力,30LAB20CP103A,FLOAT,,,HW.AI030108.PV,,,40,0,0,S002,A006,Y,,20000,32,0,-20000,N,Y,,1000,ALL,,,,,,,,,,,0,0,0
65,HW.DQ030201.PV,允许小汽机B远方控制,30MCS02MEHB,BOOL,,,HW.DQ030201.PV,,,2,-1,0,S002,,Y,,,,,,N,Y,,1000,ALL,,,,,,,,,,,0,0,0
66,HW.DQ030202.PV,允许小汽机A远方控制,30MCS02MEHA,BOOL,,,HW.DQ030202.PV,,,2,-1,0,S002,,Y,,,,,,N,Y,,1000,ALL,,,,,,,,,,,0,0,0
67,HW.DQ030203.PV,除氧器疏水调节阀电磁阀指令,30LAA10AA102RCM,BOOL,,,HW.DQ030203.PV,,,2,-1,0,S002,,Y,,,,,,N,Y,,1000,ALL,,,,,,,,,,,0,0,0
68,HW.DQ030204.PV,手动高加撤出,SDGJCC,BOOL,,,HW.DQ030204.PV,,,2,-1,0,S002,,Y,,,,,,N,Y,,1000,ALL,,,,,,,,,,,0,0,0
69,HW.DQ030205.PV,3A汽泵密封水回水温度高1-去DPU30,,BOOL,,,HW.DQ030205.PV,,,2,-1,0,S002,,Y,,,,,,N,Y,,1000,ALL,,,,,,,,,,,0,0,0
70,HW.DQ030206.PV,除氧器水位低低1-去DPU30,,BOOL,,,HW.DQ030206.PV,,,2,-1,0,S002,,Y,,,,,,N,Y,,1000,ALL,,,,,,,,,,,0,0,0
71,HW.DQ030207.PV,锅炉给水流量低1-至FSSS,,BOOL,,,HW.DQ030207.PV,,,2,-1,0,S002,,Y,,,,,,N,Y,,1000,ALL,,,,,,,,,,,0,0,0
72,HW.AI030301.PV,小机B转速(硬接线),30MEHBSPEED1,FLOAT,,,HW.AI030301.PV,,,6300,0,0,S002,A006,Y,,20000,6300,0,-20000,N,Y,,1000,ALL,,,,,,,,,,,0,0,0
73,HW.AI030302.PV,小汽机B转速设定值,30MEHB01MCS,FLOAT,,,HW.AI030302.PV,,,6300,0,0,S002,A006,Y,,20000,6300,0,-20000,N,Y,,1000,ALL,,,,,,,,,,,0,0,0
74,HW.AI030303.PV,给水流量2,30LAB70CF101B,FLOAT,,,HW.AI030303.PV,,,40,0,0,S002,A006,Y,,20000,40,0,-20000,N,Y,,1000,ALL,,,,,,,,,,,0,0,0
75,HW.AI030304.PV,辅汽至除氧器加热气动调门位置反馈,30LBG12AA1019,FLOAT,,,HW.AI030304.PV,,,100,0,0,S002,A006,Y,,20000,100,-5,-20000,N,Y,,1000,ALL,,,,,,,,,,,0,0,0
76,HW.AI030305.PV,凝结水泵变频泵频率反馈,30LCB10AP001C13,FLOAT,,,HW.AI030305.PV,,,50,0,0,S002,A006,Y,,20000,50,-5,-20000,N,Y,,1000,ALL,,,,,,,,,,,0,0,0
77,HW.AI030306.PV,除盐水至凝结水箱调节阀位置反馈,X0LCR30AA1019,FLOAT,,,HW.AI030306.PV,,,100,0,0,S002,A006,Y,,20000,100,-5,-20000,N,Y,,1000,ALL,,,,,,,,,,,0,0,0
78,HW.AI030307.PV,给水控制指令2,30FEEDWATER2,FLOAT,,,HW.AI030307.PV,,,2400,0,0,S002,A006,Y,,20000,1934,597,-20000,N,Y,,1000,ALL,,,,,,,,,,,0,0,0
79,HW.AI030401.PV,除氧器进口凝结水流量3,30LCA90CF101C,FLOAT,,,HW.AI030401.PV,,,60,0,0,S002,A006,Y,,20000,60,-5,-20000,N,Y,,1000,ALL,,,,,,,,,,,0,0,0
80,HW.AI030402.PV,给水流量1,30LAB70CF101A,FLOAT,,,HW.AI030402.PV,,,40,0,0,S002,A006,Y,,20000,40,0,-20000,N,Y,,1000,ALL,,,,,,,,,,,0,0,0
81,HW.AI030403.PV,凝汽器补给水流量,30LCR30CF101A,FLOAT,,,HW.AI030403.PV,,,6,0,0,S002,A006,Y,,20000,6,0,-20000,N,Y,,1000,ALL,,,,,,,,,,,0,0,0
82,HW.AI030404.PV,汽动给水泵B前置泵出口流量3,30LAB20CF102C,FLOAT,,,HW.AI030404.PV,,,100,0,0,S002,A006,Y,,20000,100,0,-20000,N,Y,,1000,ALL,,,,,,,,,,,0,0,0
83,HW.AI030405.PV,凝汽器B热井水位3,30MAG20CL103,FLOAT,,,HW.AI030405.PV,,,1400,0,0,S002,A006,Y,,20000,1000,560,-20000,N,Y,,1000,ALL,,,,,,,,,,,0,0,0
84,HW.AI030406.PV,凝结水再循环气动调整门位置反馈,30LCA35AA1019,FLOAT,,,HW.AI030406.PV,,,100,0,0,S002,A006,Y,,20000,100,-5,-20000,N,Y,,1000,ALL,,,,,,,,,,,0,0,0
85,HW.AI030407.PV,除氧器溢流气动调整门位置反馈,30LAA10AA1029,FLOAT,,,HW.AI030407.PV,,,100,0,0,S002,A006,Y,,20000,100,-5,-20000,N,Y,,1000,ALL,,,,,,,,,,,0,0,0
86,HW.AI030408.PV,小机A转速(硬接线),30MEHASPEED1,FLOAT,,,HW.AI030408.PV,,,6300,0,0,S002,A006,Y,,20000,6300,0,-20000,N,Y,,1000,ALL,,,,,,,,,,,0,0,0
87,HW.AQ030501.PV,3A汽泵再循环气动调整门控制指令,30LAB20AA101A0,FLOAT,,,HW.AQ030501.PV,,,100,0,0,S002,A006,Y,,105,102,-2,-5,N,Y,,1000,ALL,,,,,,,,,,,0,0,0
88,HW.AQ030502.PV,除氧器水位气动主调整门控制指令,30LCA32AA1010,FLOAT,,,HW.AQ030502.PV,,,100,0,0,S002,A006,Y,,105,102,-2,-5,N,Y,,1000,ALL,,,,,,,,,,,0,0,0
89,HW.AQ030503.PV,凝汽器除盐水补水主调节阀控制指令,30HW20,FLOAT,,,HW.AQ030503.PV,,,100,0,0,S002,A006,Y,,105,102,-2,-5,N,Y,,1000,ALL,,,,,,,,,,,0,0,0
90,HW.AQ030504.PV,凝水至凝贮箱溢流气动调门控制指令,30LCA31AA1010,FLOAT,,,HW.AQ030504.PV,,,100,0,0,S002,A006,Y,,105,102,-2,-5,N,Y,,1000,ALL,,,,,,,,,,,0,0,0
91,HW.AQ030505.PV,小汽机A转速指令,30BFPA0,FLOAT,,,HW.AQ030505.PV,,,100,0,0,S002,A006,Y,,105,102,-2,-5,N,Y,,1000,ALL,,,,,,,,,,,0,0,0
92,HW.AQ040401.PV,小汽机B转速指令2,,FLOAT,,,HW.AQ040401.PV,,,100,0,0,S002,A006,Y,,105,102,-2,-5,N,Y,,1000,ALL,,,,,,,,,,,0,0,0
93,HW.AQ040402.PV,给水流量TO CCS1,30FSSS14MCS-I,FLOAT,,,HW.AQ040402.PV,,,2400,0,0,S002,A006,Y,,105,102,-2,-5,N,Y,,1000,ALL,,,,,,,,,,,0,0,0
94,HW.AQ040403.PV,凝结水泵出口母管流量（去加氧系统,30LDF10DCSCFNJ2,FLOAT,,,HW.AQ040403.PV,,,2000,0,0,S002,A006,Y,,105,102,-2,-5,N,Y,,1000,ALL,,,,,,,,,,,0,0,0
95,HW.AI040601.PV,凝结水泵出口母管流量3,30LCA20CF101C,FLOAT,,,HW.AI040601.PV,,,80,0,0,S002,A006,Y,,20000,80,0,-20000,N,Y,,1000,ALL,,,,,,,,,,,0,0,0
96,HW.AI040602.PV,给水控制指令硬接线来3,30FEEDWATER13,FLOAT,,,HW.AI040602.PV,,,2400,0,0,S002,A006,Y,,20000,10000,-10000,-20000,N,Y,,1000,ALL,,,,,,,,,,,0,0,0
97,HW.AQ050101.PV,小汽机B转速指令3,,FLOAT,,,HW.AQ050101.PV,,,100,0,0,S002,A006,Y,,105,102,-2,-5,N,Y,,1000,ALL,,,,,,,,,,,0,0,0
98,HW.DI050205.PV,3B小机遥控已投入,30MEHB03MCS,BOOL,,,HW.DI050205.PV,,,2,-1,0,S002,,Y,,,,,,N,Y,,1000,ALL,,,,,,,,,,,0,0,0
99,HW.DI050216.PV,30CRA38机柜电源故障,,BOOL,,,HW.DI050216.PV,,,2,-1,0,S002,A255,Y,,,,,,N,Y,,1000,ALL,,,,,,,,,,,0,0,0
100,HW.AQ060201.PV,小汽机A转速指令3,,FLOAT,,,HW.AQ060201.PV,,,100,0,0,S002,A006,Y,,105,102,-2,-5,N,Y,,1000,ALL,,,,,,,,,,,0,0,0
101,HW.TC070101.PV,辅汽供轴封系统蒸汽温度,30LBG15CT101,FLOAT,,,HW.TC070101.PV,,,400,0,0,S002,A006,Y,,20000,400,200,-20000,N,Y,,1000,ALL,,,,,,,,,,,0,0,0
102,HW.TC070102.PV,辅汽疏水扩容器温度,30LCN10CT101,FLOAT,,,HW.TC070102.PV,,,100,0,0,S002,A006,Y,,20000,50,0,-20000,N,Y,,1000,ALL,,,,,,,,,,,0,0,0
103,HW.RT070201.PV,汽动给水泵A密封水回水温度,30LAW20CT102A,FLOAT,,,HW.RT070201.PV,,,100,0,0,S002,A006,Y,,20000,60,0,-20000,N,Y,,1000,ALL,,,,,,,,,,,0,0,0
104,HW.RT070202.PV,汽动给水泵A密封水进水温度,30LAW20CT101A,FLOAT,,,HW.RT070202.PV,,,100,0,0,S002,A006,Y,,20000,50,-5,-20000,N,Y,,1000,ALL,,,,,,,,,,,0,0,0
105,HW.RT070203.PV,汽端冷却器冷氢温度,30MKA10CT159,FLOAT,,,HW.RT070203.PV,,,100,0,0,S002,A006,Y,,20000,46,-5,-20000,N,Y,,1000,ALL,,,,,,,,,,,0,0,0
106,HW.RT070204.PV,小机EH油系统冷却水回水温度,30LKX10CT102,FLOAT,,,HW.RT070204.PV,,,100,0,0,S002,A006,Y,,20000,50,0,-20000,N,Y,,1000,ALL,,,,,,,,,,,0,0,0
107,HW.RT070205.PV,密封油冷却器出口温度,30MKW21CT101,FLOAT,,,HW.RT070205.PV,,,100,0,0,S002,A006,Y,,20000,50,35,-20000,N,Y,,1000,ALL,,,,,,,,,,,0,0,0
108,HW.RT070206.PV,发电机定子冷却水冷却器后温度,30MKF19CT101,FLOAT,,,HW.RT070206.PV,,,100,0,0,S002,A006,Y,,20000,53,42,-20000,N,Y,,1000,ALL,,,,,,,,,,,0,0,0
109,HW.RT070207.PV,小机A润滑油冷油器出口温度,30XAV40CT101A,FLOAT,,,HW.RT070207.PV,,,600,-100,0,S002,A006,Y,,20000,48,35,-20000,N,Y,,1000,ALL,,,,,,,,,,,0,0,0
110,HW.AI070401.PV,辅助蒸汽母管压力2,30LBG10CP102,FLOAT,,,HW.AI070401.PV,,,1.6,0,0,S002,A006,Y,,20000,0.95,0.7,-20000,N,Y,,1000,ALL,,,,,,,,,,,0,0,0
111,HW.AI070402.PV,闭冷水膨胀水箱液位2,30PGB10CL102,FLOAT,,,HW.AI070402.PV,,,2330,0,0,S002,A006,Y,,20000,2000,1200,-20000,N,Y,,1000,ALL,,,,,,,,,,,0,0,0
112,HW.AI070403.PV,#3机四抽至辅汽气动调整门反馈,30LBG20AA1019,FLOAT,,,HW.AI070403.PV,,,100,0,0,S002,A006,Y,,20000,105,-5,-20000,N,Y,,1000,ALL,,,,,,,,,,,0,0,0
113,HW.AI070404.PV,#3机冷再至辅汽气动调门位置反馈,30LBG30AA1019,FLOAT,,,HW.AI070404.PV,,,100,0,0,S002,A006,Y,,20000,100,-5,-20000,N,Y,,1000,ALL,,,,,,,,,,,0,0,0
114,HW.AI070405.PV,辅汽疏扩至凝汽器疏水气动调门反馈,30LCN14AA1019,FLOAT,,,HW.AI070405.PV,,,100,0,0,S002,A006,Y,,20000,100,-5,-20000,N,Y,,1000,ALL,,,,,,,,,,,0,0,0
115,HW.AI070406.PV,凝水至疏水立管2减温水调门反馈,30LCE18AA101B9,FLOAT,,,HW.AI070406.PV,,,100,0,0,S002,A006,Y,,20000,105,-5,-20000,N,Y,,1000,ALL,,,,,,,,,,,0,0,0
116,HW.AI070407.PV,3B疏扩喷水气动调整门阀位反馈,30LCE11AA1019,FLOAT,,,HW.AI070407.PV,,,100,0,0,S002,A006,Y,,20000,105,-5,-20000,N,Y,,1000,ALL,,,,,,,,,,,0,0,0
117,HW.AI080201.PV,辅助蒸汽母管压力1,30LBG10CP101,FLOAT,,,HW.AI080201.PV,,,1.6,0,0,S002,A006,Y,,20000,0.95,0.7,-20000,N,Y,,1000,ALL,,,,,,,,,,,0,0,0
118,HW.AI080202.PV,轴封供汽母管蒸汽压力,30MAW10CP101,FLOAT,,,HW.AI080202.PV,,,100,-20,0,S002,A006,Y,,20000,15,5,-20000,N,Y,,1000,ALL,,,,,,,,,,,0,0,0
119,HW.AI080203.PV,闭式循环冷却水母管压力,30PGB40CP101,FLOAT,,,HW.AI080203.PV,,,1.6,0,0,S002,A006,Y,,20000,1,0.6,-20000,N,Y,,1000,ALL,,,,,,,,,,,0,0,0
120,HW.AI080204.PV,辅助蒸汽疏水扩容器液位,30LCN10CL101,FLOAT,,,HW.AI080204.PV,,,500,0,0,S002,A006,Y,,20000,450,300,-20000,N,Y,,1000,ALL,,,,,,,,,,,0,0,0
121,HW.AI080205.PV,低加疏水泵出口母管流量,30LCJ60CF101A,FLOAT,,,HW.AI080205.PV,,,50,0,0,S002,A006,Y,,20000,233,0,-20000,N,Y,,1000,ALL,,,,,,,,,,,0,0,0
122,HW.AI080206.PV,闭冷水膨胀水箱液位1,30PGB10CL101,FLOAT,,,HW.AI080206.PV,,,2400,0,0,S002,A006,Y,,20000,2000,1200,-20000,N,Y,,1000,ALL,,,,,,,,,,,0,0,0
123,HW.AI080207.PV,发电机定冷水系统补充水压力,30LCR41CP101,FLOAT,,,HW.AI080207.PV,,,1.6,0,0,S002,A006,Y,,20000,1.6,-10000,-20000,N,Y,,1000,ALL,,,,,,,,,,,0,0,0
124,HW.RT080301.PV,小汽机B润滑油冷油器出口温度,30XAV40CT101B,FLOAT,,,HW.RT080301.PV,,,100,0,0,S002,A006,Y,,20000,48,35,-20000,N,Y,,1000,ALL,,,,,,,,,,,0,0,0
125,HW.RT080303.PV,汽动给水泵B密封水进水温度,30LAW20CT101B,FLOAT,,,HW.RT080303.PV,,,100,0,0,S002,A006,Y,,20000,50,-5,-20000,N,Y,,1000,ALL,,,,,,,,,,,0,0,0
126,HW.RT080304.PV,励端冷却器冷氢温度,30MKA10CT161,FLOAT,,,HW.RT080304.PV,,,100,0,0,S002,A006,Y,,20000,46,-5,-20000,N,Y,,1000,ALL,,,,,,,,,,,0,0,0
127,HW.RT080308.PV,30CRB38机柜温度,,FLOAT,,,HW.RT080308.PV,,,100,-10,0,S002,A255,Y,,20000,40,0,-20000,N,Y,,1000,ALL,,,,,,,,,,,0,0,0
128,HW.AI080501.PV,凝水至轴封供汽站减温水调门反馈,30LCE16AA1019,FLOAT,,,HW.AI080501.PV,,,100,0,0,S002,A006,Y,,20000,105,-5,-20000,N,Y,,1000,ALL,,,,,,,,,,,0,0,0
129,HW.AI080502.PV,3A疏扩喷水气动调整门阀位反馈,30LCE12AA1019,FLOAT,,,HW.AI080502.PV,,,100,0,0,S002,A006,Y,,20000,105,-5,-20000,N,Y,,1000,ALL,,,,,,,,,,,0,0,0
130,HW.AI080504.PV,凝水至辅汽疏扩减温水电动调门反馈,30LCE20AA1019,FLOAT,,,HW.AI080504.PV,,,100,0,0,S002,A006,Y,,20000,105,-5,-20000,N,Y,,1000,ALL,,,,,,,,,,,0,0,0
131,HW.AI080505.PV,凝水至疏水立管1减温水调门反馈,30LCE18AA101A9,FLOAT,,,HW.AI080505.PV,,,100,0,0,S002,A006,Y,,20000,105,-5,-20000,N,Y,,1000,ALL,,,,,,,,,,,0,0,0
132,HW.AI080507.PV,凝水至定冷水补水电动调门反馈,30LCR41AA1019,FLOAT,,,HW.AI080507.PV,,,100,0,0,S002,A006,Y,,20000,105,-5,-20000,N,Y,,1000,ALL,,,,,,,,,,,0,0,0
133,HW.AI100101.PV,回水箱至凝汽器电动调门阀位反馈,30LAW20AA1029,FLOAT,,,HW.AI100101.PV,,,100,0,0,S002,A006,Y,,20000,100,-5,-20000,N,Y,,1000,ALL,,,,,,,,,,,0,0,0
134,HW.AI100102.PV,凝水至闭冷水箱补水气动调门反馈,30PGB20AA1019,FLOAT,,,HW.AI100102.PV,,,100,0,0,S002,A006,Y,,20000,100,-5,-20000,N,Y,,1000,ALL,,,,,,,,,,,0,0,0
135,HW.AI100103.PV,发电机氢冷器进水气动调门反馈,30PGB43AA1019,FLOAT,,,HW.AI100103.PV,,,100,0,0,S002,A006,Y,,20000,100,-5,-20000,N,Y,,1000,ALL,,,,,,,,,,,0,0,0
136,HW.AI100104.PV,辅汽至轴封供汽气动调门位置反馈,30MAW10AA1519,FLOAT,,,HW.AI100104.PV,,,100,0,0,S002,A006,Y,,20000,100,-5,-20000,N,Y,,1000,ALL,,,,,,,,,,,0,0,0
137,HW.AI100105.PV,定冷器闭冷水进水气动调整门反馈,30PGB43AA1019,FLOAT,,,HW.AI100105.PV,,,100,0,0,S002,A006,Y,,20000,100,-5,-20000,N,Y,,1000,ALL,,,,,,,,,,,0,0,0
138,HW.AI100106.PV,3A小机轴封进汽气动调门阀位反馈,30MAW60AA101A9,FLOAT,,,HW.AI100106.PV,,,100,0,0,S002,A006,Y,,20000,100,-5,-20000,N,Y,,1000,ALL,,,,,,,,,,,0,0,0
139,HW.AI100107.PV,闭冷水母管压力电动调门阀位反馈,30PGB40AA1019,FLOAT,,,HW.AI100107.PV,,,100,0,0,S002,A006,Y,,20000,100,-5,-20000,N,Y,,1000,ALL,,,,,,,,,,,0,0,0
140,HW.AI100201.PV,密封冷油器进水气动调门位置反馈,30PGB50AA1019,FLOAT,,,HW.AI100201.PV,,,100,0,0,S002,A006,Y,,20000,105,-5,-20000,N,Y,,1000,ALL,,,,,,,,,,,0,0,0
141,HW.AI100202.PV,#3机主冷油器进水气动调整门反馈,30PGB30AA1029,FLOAT,,,HW.AI100202.PV,,,100,0,0,S002,A006,Y,,20000,105,-5,-20000,N,Y,,1000,ALL,,,,,,,,,,,0,0,0
142,HW.AI100203.PV,3A小机冷油器进水气动调整门反馈,30PGB54AA1019,FLOAT,,,HW.AI100203.PV,,,100,0,0,S002,A006,Y,,20000,105,-5,-20000,N,Y,,1000,ALL,,,,,,,,,,,0,0,0
143,HW.AI100204.PV,3A汽泵密封水进水气动调整门反馈,30LAW20AA101A9,FLOAT,,,HW.AI100204.PV,,,100,0,0,S002,A006,Y,,20000,105,-5,-20000,N,Y,,1000,ALL,,,,,,,,,,,0,0,0
144,HW.AI100206.PV,小机EH冷油器进水气动调整门反馈,30LKX10AA10199,FLOAT,,,HW.AI100206.PV,,,100,0,0,S002,A006,Y,,20000,105,-5,-20000,N,Y,,1000,ALL,,,,,,,,,,,0,0,0
145,HW.AI100301.PV,3B小机冷油器进水气动调整门反馈,30PGB55AA1019,FLOAT,,,HW.AI100301.PV,,,100,0,0,S002,A006,Y,,20000,100,-5,-20000,N,Y,,1000,ALL,,,,,,,,,,,0,0,0
146,HW.AI100302.PV,#3机轴封溢流气动调整门阀位反馈,30MAW50AA1519,FLOAT,,,HW.AI100302.PV,,,100,0,0,S002,A006,Y,,20000,105,-5,-20000,N,Y,,1000,ALL,,,,,,,,,,,0,0,0
147,HW.AI100304.PV,给水泵密封回水箱水位,30LAW20CL101,FLOAT,,,HW.AI100304.PV,,,2600,0,0,S002,A006,Y,,20000,2000,1600,-20000,N,Y,,1000,ALL,,,,,,,,,,,0,0,0
148,HW.AQ100401.PV,凝水至轴封供汽站减温水调门指令,30LCE16AA1010,FLOAT,,,HW.AQ100401.PV,,,100,0,0,S002,A006,Y,,105,102,-2,-5,N,Y,,1000,ALL,,,,,,,,,,,0,0,0
149,HW.AQ100402.PV,凝水至辅汽疏扩减温水电动调门指令,30LCE20AA1010,FLOAT,,,HW.AQ100402.PV,,,100,0,0,S002,A006,Y,,105,102,-2,-5,N,Y,,1000,ALL,,,,,,,,,,,0,0,0
150,HW.AQ100403.PV,凝水至疏水立管1减温水调门指令,30LCE18AA101A0,FLOAT,,,HW.AQ100403.PV,,,100,0,0,S002,A006,Y,,105,102,-2,-5,N,Y,,1000,ALL,,,,,,,,,,,0,0,0
151,HW.AQ100404.PV,回水箱至凝汽器电动调门控制指令,30LAW20AA1020,FLOAT,,,HW.AQ100404.PV,,,100,0,0,S002,A006,Y,,105,102,-2,-5,N,Y,,1000,ALL,,,,,,,,,,,0,0,0
152,HW.AQ100405.PV,发电机氢冷器进水气动调门控制指令,30PGB42AA1010,FLOAT,,,HW.AQ100405.PV,,,100,0,0,S002,A006,Y,,105,102,-2,-5,N,Y,,1000,ALL,,,,,,,,,,,0,0,0
153,HW.AQ100502.PV,3A小机轴封进汽气动调整门控制指令,30MAW60AA101A0,FLOAT,,,HW.AQ100502.PV,,,100,0,0,S002,A006,Y,,105,102,-2,-5,N,Y,,1000,ALL,,,,,,,,,,,0,0,0
154,HW.AQ100503.PV,小机EH油系统冷却水进水调门指令,30LKX10AA101O,FLOAT,,,HW.AQ100503.PV,,,100,0,0,S002,A006,Y,,105,102,-2,-5,N,Y,,1000,ALL,,,,,,,,,,,0,0,0
155,HW.AQ100504.PV,闭式水至小机EH油气动门指令,X0PGB70AA101A0,FLOAT,,,HW.AQ100504.PV,,,100,0,0,S002,A006,Y,,105,102,-2,-5,N,Y,,1000,ALL,,,,,,,,,,,0,0,0
156,HW.AQ100505.PV,3B小机冷油器进水气动调整门指令,30PGB55AA1010,FLOAT,,,HW.AQ100505.PV,,,100,0,0,S002,A006,Y,,105,102,-2,-5,N,Y,,1000,ALL,,,,,,,,,,,0,0,0
157,HW.DQ110201.PV,开凝水至轴封供汽站温水电动调门,30LCE16AA1011,BOOL,,,HW.DQ110201.PV,,,2,-1,0,S002,,Y,,,,,,N,Y,,1000,ALL,,,,,,,,,,,0,0,0
158,HW.DQ110202.PV,开定冷器闭冷水进水气动调整门,30PGB43AA1011,BOOL,,,HW.DQ110202.PV,,,2,-1,0,S002,,Y,,,,,,N,Y,,1000,ALL,,,,,,,,,,,0,0,0
159,HW.DQ110207.PV,开3A高压密封环疏水电动隔离门,30MAL01AA0011,BOOL,,,HW.DQ110207.PV,,,2,-1,0,S002,,Y,,,,,,N,Y,,1000,ALL,,,,,,,,,,,0,0,0
160,HW.DQ110208.PV,关3A高压密封环疏水电动隔离门,30MAL01AA0012,BOOL,,,HW.DQ110208.PV,,,2,-1,0,S002,,Y,,,,,,N,Y,,1000,ALL,,,,,,,,,,,0,0,0
161,HW.DQ110210.PV,除氧器水位低低1-去DPU31,,BOOL,,,HW.DQ110210.PV,,,2,-1,0,S002,,Y,,,,,,N,Y,,1000,ALL,,,,,,,,,,,0,0,0
162,HW.DQ110211.PV,锅炉给水流量低2-至FSSS,,BOOL,,,HW.DQ110211.PV,,,2,-1,0,S002,,Y,,,,,,N,Y,,1000,ALL,,,,,,,,,,,0,0,0
163,HW.DQ110212.PV,除氧器水位高高1-去DPU36,,BOOL,,,HW.DQ110212.PV,,,2,-1,0,S002,,Y,,,,,,N,Y,,1000,ALL,,,,,,,,,,,0,0,0
164,HW.DI110301.PV,凝水至轴封供汽站减温水调门故障,30LCE16AA1015,BOOL,,,HW.DI110301.PV,,,2,-1,0,S002,A006,Y,,,,,,N,Y,,1000,ALL,,,,,,,,,,,0,0,0
165,HW.DI110302.PV,凝水至辅汽疏扩减温水调门故障,30LCE20AA1015,BOOL,,,HW.DI110302.PV,,,2,-1,0,S002,A006,Y,,,,,,N,Y,,1000,ALL,,,,,,,,,,,0,0,0
166,HW.DI110303.PV,闭冷水母管压力电动调整门故障,30PGB40AA1015,BOOL,,,HW.DI110303.PV,,,2,-1,0,S002,A006,Y,,,,,,N,Y,,1000,ALL,,,,,,,,,,,0,0,0
167,HW.DI110304.PV,回水箱至凝汽器电动调整门故障,30LAW20AA1025,BOOL,,,HW.DI110304.PV,,,2,-1,0,S002,A006,Y,,,,,,N,Y,,1000,ALL,,,,,,,,,,,0,0,0
168,HW.DI110305.PV,凝水至定冷水补水电动调整门故障,30LCR41AA1015,BOOL,,,HW.DI110305.PV,,,2,-1,0,S002,A006,Y,,,,,,N,Y,,1000,ALL,,,,,,,,,,,0,0,0
169,HW.DI110306.PV,MFT TO 51505,30FSSS05MCS,BOOL,,,HW.DI110306.PV,,,2,-1,0,S002,,Y,,,,,,N,Y,,1000,ALL,,,,,,,,,,,0,0,0
170,HW.DI110307.PV,发电机跳闸2,30GENTRIP2,BOOL,,,HW.DI110307.PV,,,2,-1,0,S002,,Y,,,,,,N,Y,,1000,ALL,,,,,,,,,,,0,0,0
171,HW.DI110308.PV,机组并网,30ECS01SCS,BOOL,,,HW.DI110308.PV,,,2,-1,0,S002,,Y,,,,,,N,Y,,1000,ALL,,,,,,,,,,,0,0,0
172,HW.DI110309.PV,3A高压密封环疏水电动隔离门开反馈,30MAL01AA0013,BOOL,,,HW.DI110309.PV,,,2,-1,0,S002,,Y,,,,,,N,Y,,1000,ALL,,,,,,,,,,,0,0,0
173,HW.DI110310.PV,3A高压密封环疏水电动隔离门关反馈,30MAL01AA0014,BOOL,,,HW.DI110310.PV,,,2,-1,0,S002,,Y,,,,,,N,Y,,1000,ALL,,,,,,,,,,,0,0,0
174,HW.DI110311.PV,3A高压密封环疏水电动隔离门故障,30MAL01AA0015,BOOL,,,HW.DI110311.PV,,,2,-1,0,S002,A006,Y,,,,,,N,Y,,1000,ALL,,,,,,,,,,,0,0,0
175,HW.DI110316.PV,30CRB38机柜电源故障,,BOOL,,,HW.DI110316.PV,,,2,-1,0,S002,A255,Y,,,,,,N,Y,,1000,ALL,,,,,,,,,,,0,0,0
176,HW.AQ110401.PV,闭冷水母管压力电动调整门控制指令,30PGB40AA1010,FLOAT,,,HW.AQ110401.PV,,,100,0,0,S002,A006,Y,,105,102,-2,-5,N,Y,,1000,ALL,,,,,,,,,,,0,0,0
177,HW.AQ110402.PV,密封冷油器进水气动调整门控制指令,30PGB50AA1010,FLOAT,,,HW.AQ110402.PV,,,100,0,0,S002,A006,Y,,105,102,-2,-5,N,Y,,1000,ALL,,,,,,,,,,,0,0,0
178,HW.AQ110403.PV,#3机主冷油器进水气动调整门指令,30PGB40AA1020,FLOAT,,,HW.AQ110403.PV,,,100,0,0,S002,A006,Y,,105,102,-2,-5,N,Y,,1000,ALL,,,,,,,,,,,0,0,0
179,HW.AQ110404.PV,3A小机冷油器进水气动调整门指令,30PGB54AA1010,FLOAT,,,HW.AQ110404.PV,,,100,0,0,S002,A006,Y,,105,102,-2,-5,N,Y,,1000,ALL,,,,,,,,,,,0,0,0
180,HW.AQ110405.PV,3A汽泵密封水进水气动调整门指令,30LAW20AA101A0,FLOAT,,,HW.AQ110405.PV,,,100,0,0,S002,A006,Y,,105,102,-2,-5,N,Y,,1000,ALL,,,,,,,,,,,0,0,0
181,HW.AQ110501.PV,凝水至定冷水补水电动调门控制指令,30LCR41AA1010,FLOAT,,,HW.AQ110501.PV,,,100,0,0,S002,A006,Y,,105,102,-2,-5,N,Y,,1000,ALL,,,,,,,,,,,0,0,0
182,HW.AQ110502.PV,#3机轴封溢流气动调整门控制指令,30MAW50AA1510,FLOAT,,,HW.AQ110502.PV,,,100,0,0,S002,A006,Y,,105,102,-2,-5,N,Y,,1000,ALL,,,,,,,,,,,0,0,0
183,HW.AQ110503.PV,凝水至闭冷水箱补水气动调门指令,30PGB20AA1010,FLOAT,,,HW.AQ110503.PV,,,100,0,0,S002,A006,Y,,105,102,-2,-5,N,Y,,1000,ALL,,,,,,,,,,,0,0,0
184,HW.AQ110504.PV,#3机四抽至辅汽气动调整门指令,30LBG20AA1010,FLOAT,,,HW.AQ110504.PV,,,100,0,0,S002,A006,Y,,105,102,-2,-5,N,Y,,1000,ALL,,,,,,,,,,,0,0,0
185,HW.AQ110505.PV,凝水至疏水立管2减温水调门指令,30LCE18AA101B0,FLOAT,,,HW.AQ110505.PV,,,100,0,0,S002,A006,Y,,105,102,-2,-5,N,Y,,1000,ALL,,,,,,,,,,,0,0,0
186,HW.DQ120201.PV,开3B高压密封环疏水电动隔离门,30MAL01AA0021,BOOL,,,HW.DQ120201.PV,,,2,-1,0,S002,,Y,,,,,,N,Y,,1000,ALL,,,,,,,,,,,0,0,0
187,HW.DQ120202.PV,关3B高压密封环疏水电动隔离门,30MAL01AA0022,BOOL,,,HW.DQ120202.PV,,,2,-1,0,S002,,Y,,,,,,N,Y,,1000,ALL,,,,,,,,,,,0,0,0
188,HW.DQ120203.PV,除氧器水位低低2-去DPU30,,BOOL,,,HW.DQ120203.PV,,,2,-1,0,S002,,Y,,,,,,N,Y,,1000,ALL,,,,,,,,,,,0,0,0
189,HW.DQ120204.PV,除氧器水位低低2-去DPU31,,BOOL,,,HW.DQ120204.PV,,,2,-1,0,S002,,Y,,,,,,N,Y,,1000,ALL,,,,,,,,,,,0,0,0
190,HW.DQ120205.PV,锅炉给水流量低3-至FSSS,,BOOL,,,HW.DQ120205.PV,,,2,-1,0,S002,,Y,,,,,,N,Y,,1000,ALL,,,,,,,,,,,0,0,0
191,HW.DQ120206.PV,除氧器水位高高2-去DPU36,,BOOL,,,HW.DQ120206.PV,,,2,-1,0,S002,,Y,,,,,,N,Y,,1000,ALL,,,,,,,,,,,0,0,0
192,HW.DQ120207.PV,3A汽泵密封水回水温度高2-去DPU30,,BOOL,,,HW.DQ120207.PV,,,2,-1,0,S002,,Y,,,,,,N,Y,,1000,ALL,,,,,,,,,,,0,0,0
193,HW.DI120401.PV,3B高压密封环疏水电动隔离门开反馈,30MAL01AA0023,BOOL,,,HW.DI120401.PV,,,2,-1,0,S002,,Y,,,,,,N,Y,,1000,ALL,,,,,,,,,,,0,0,0
194,HW.DI120402.PV,3B高压密封环疏水电动隔离门关反馈,30MAL01AA0024,BOOL,,,HW.DI120402.PV,,,2,-1,0,S002,,Y,,,,,,N,Y,,1000,ALL,,,,,,,,,,,0,0,0
195,HW.DI120403.PV,3B高压密封环疏水电动隔离门故障,30MAL01AA0025,BOOL,,,HW.DI120403.PV,,,2,-1,0,S002,A006,Y,,,,,,N,Y,,1000,ALL,,,,,,,,,,,0,0,0
196,HW.DI120407.PV,输水立管2喷水减温调节阀故障,30LCE18AA101B5,BOOL,,,HW.DI120407.PV,,,2,-1,0,S002,A006,Y,,,,,,N,Y,,1000,ALL,,,,,,,,,,,0,0,0
197,HW.AQ120601.PV,#3机冷再至辅汽气动调整门控制指令,30LBG30AA1010,FLOAT,,,HW.AQ120601.PV,,,100,0,0,S002,A006,Y,,105,102,-2,-5,N,Y,,1000,ALL,,,,,,,,,,,0,0,0
198,HW.AQ120602.PV,辅汽疏扩至凝汽器疏水气动调门指令,30LCN14AA1010,FLOAT,,,HW.AQ120602.PV,,,100,0,0,S002,A006,Y,,105,102,-2,-5,N,Y,,1000,ALL,,,,,,,,,,,0,0,0
199,HW.AQ120603.PV,辅汽至轴封供汽气动调整门控制指令,30MAW10AA1510,FLOAT,,,HW.AQ120603.PV,,,100,0,0,S002,A006,Y,,105,102,-2,-5,N,Y,,1000,ALL,,,,,,,,,,,0,0,0
200,HW.AQ120604.PV,#3机定冷器闭冷水进水调整门指令,30PGB43AA1010,FLOAT,,,HW.AQ120604.PV,,,100,0,0,S002,A006,Y,,105,102,-2,-5,N,Y,,1000,ALL,,,,,,,,,,,0,0,0
